เมืองสตูล,สตูล,6.546,99.706
เมืองระยอง,ระยอง,12.646,101.171
เมืองชุมพร,ชุมพร,10.459,99.403
สวี,ชุมพร,10.291,99.241
เมืองมหาสารคาม,มหาสารคาม,16.162,103.484
เกาะสมุย,สุราษฎร์ธานี,9.708,99.675
สัตหีบ,ชลบุรี,12.611,100.889
หาดสำราญ,ตรัง,7.033,99.449
ปะทิว,ชุมพร,10.862,99.486
ทุ่งตะโก,ชุมพร,10.165,99.176
แหลมสิงห์,จันทบุรี,12.465,102.066
คุระบุรี,พังงา,9.406,97.901
เกาะกูด,ตราด,11.817,102.397
สุขสำราญ,ระนอง,9.401,98.392
กันตัง,ตรัง,7.272,99.475
ดอนสัก,สุราษฎร์ธานี,9.31,99.66
เมืองภูเก็ต,ภูเก็ต,7.924,98.455
สิเกา,ตรัง,7.47,99.32
ศรีราชา,ชลบุรี,13.174,100.92
เมืองกระบี่,กระบี่,8.049,98.676
อ่าวลึก,กระบี่,8.211,98.687
เมืองระนอง,ระนอง,9.877,98.442
ถลาง,ภูเก็ต,8.116,98.425
บางละมุง,ชลบุรี,12.928,100.805
แกลง,ระยอง,12.584,101.51
กะเปอร์,ระนอง,9.595,98.469
เกาะลันตา,กระบี่,7.576,99.142
เกาะพะงัน,สุราษฎร์ธานี,9.802,99.979
ขลุง,จันทบุรี,12.288,102.251
พระนคร,กรุงเทพมหานคร,13.753,100.5
เกาะยาว,พังงา,7.892,98.581
ปะเหลียน,ตรัง,7.152,99.651
เหนือคลอง,กระบี่,7.801,98.995
ท่าใหม่,จันทบุรี,12.512,101.95
เกาะช้าง,ตราด,12.161,102.247
ดุสิต,กรุงเทพมหานคร,13.758,100.517
ป้อมปราบศัตรูพ่าย,กรุงเทพมหานคร,13.752,100.507
สัมพันธวงศ์,กรุงเทพมหานคร,13.734,100.513
เมืองชลบุรี,ชลบุรี,13.376,100.99
บางรัก,กรุงเทพมหานคร,13.725,100.514
หลังสวน,ชุมพร,10.051,99.188
ขนอม,นครศรีธรรมราช,9.324,99.775
เมืองสมุทรสาคร,สมุทรสาคร,13.533,100.276
ธนบุรี,กรุงเทพมหานคร,13.731,100.49
คลองสาน,กรุงเทพมหานคร,13.731,100.497
ภาษีเจริญ,กรุงเทพมหานคร,13.727,100.457
เสนา,พระนครศรีอยุธยา,14.328,100.404
บางกอกใหญ่,กรุงเทพมหานคร,13.743,100.486
เมืองลพบุรี,ลพบุรี,14.802,100.611
พระประแดง,สมุทรปราการ,13.656,100.533
เมืองอ่างทอง,อ่างทอง,14.588,100.459
ราชเทวี,กรุงเทพมหานคร,13.752,100.528
ตลิ่งชัน,กรุงเทพมหานคร,13.76,100.456
พระนครศรีอยุธยา,พระนครศรีอยุธยา,14.341,100.581
ปทุมวัน,กรุงเทพมหานคร,13.744,100.52
เมืองปัตตานี,ปัตตานี,6.87,101.256
เมืองเชียงใหม่,เชียงใหม่,18.785,98.985
วัดสิงห์,ชัยนาท,15.263,100.041
บางกอกน้อย,กรุงเทพมหานคร,13.759,100.481
บางคอแหลม,กรุงเทพมหานคร,13.706,100.508
บางบัวทอง,นนทบุรี,13.914,100.422
เมืองชัยนาท,ชัยนาท,15.181,100.127
ลับแล,อุตรดิตถ์,17.652,100.039
คลองเตย,กรุงเทพมหานคร,13.723,100.571
สาทร,กรุงเทพมหานคร,13.71,100.532
บ้านไผ่,ขอนแก่น,16.035,102.723
วัฒนา,กรุงเทพมหานคร,13.743,100.56
เมืองนครศรีธรรมราช,นครศรีธรรมราช,8.434,99.966
ชุมแสง,นครสวรรค์,15.896,100.315
บางพลัด,กรุงเทพมหานคร,13.781,100.482
ปากเกร็ด,นนทบุรี,13.902,100.55
เมืองเพชรบุรี,เพชรบุรี,13.121,99.9
เมืองสิงห์บุรี,สิงห์บุรี,14.89,100.404
บางคนที,สมุทรสงคราม,13.487,99.958
บ้านโป่ง,ราชบุรี,13.816,99.873
เมืองนครนายก,นครนายก,14.204,101.219
ผักไห่,พระนครศรีอยุธยา,14.435,100.384
แก่งคอย,สระบุรี,14.586,101.002
จอมทอง,กรุงเทพมหานคร,13.702,100.476
นครชัยศรี,นครปฐม,13.787,100.192
บางกรวย,นนทบุรี,13.811,100.453
อัมพวา,สมุทรสงคราม,13.427,99.954
พนัสนิคม,ชลบุรี,13.45,101.18
ท่ามะกา,กาญจนบุรี,13.954,99.752
เมืองปทุมธานี,ปทุมธานี,14.031,100.552
เมืองสระบุรี,สระบุรี,14.529,100.886
เมืองพิษณุโลก,พิษณุโลก,16.789,100.25
บางไทร,พระนครศรีอยุธยา,14.315,100.462
เมืองฉะเชิงเทรา,ฉะเชิงเทรา,13.707,101.1
ไชโย,อ่างทอง,14.687,100.494
เมืองเชียงราย,เชียงราย,19.907,99.832
โพธาราม,ราชบุรี,13.695,99.853
กระแสสินธุ์,สงขลา,7.561,100.356
สันกำแพง,เชียงใหม่,18.735,99.136
สามโคก,ปทุมธานี,14.043,100.544
เมืองสมุทรปราการ,สมุทรปราการ,13.623,100.565
บ้านลาด,เพชรบุรี,13.102,99.895
เมืองนนทบุรี,นนทบุรี,13.823,100.492
ท่าเรือ,พระนครศรีอยุธยา,14.566,100.719
หนองจิก,ปัตตานี,6.858,101.158
เสาไห้,สระบุรี,14.565,100.848
เมืองสมุทรสงคราม,สมุทรสงคราม,13.399,99.976
หาดใหญ่,สงขลา,7.045,100.446
หางดง,เชียงใหม่,18.689,98.98
ป่าซาง,ลำพูน,18.537,98.933
บางปะหัน,พระนครศรีอยุธยา,14.414,100.564
เมืองพังงา,พังงา,8.446,98.524
พร้าว,เชียงใหม่,19.359,99.202
บ้านแพรก,พระนครศรีอยุธยา,14.64,100.585
เมืองหนองคาย,หนองคาย,17.89,102.761
เมืองอุบลราชธานี,อุบลราชธานี,15.244,104.894
เมืองสุโขทัย,สุโขทัย,17.012,99.822
เมืองนครปฐม,นครปฐม,13.819,100.05
ละงู,สตูล,6.834,99.691
เมืองพะเยา,พะเยา,19.172,99.894
กระทุ่มแบน,สมุทรสาคร,13.654,100.25
เมืองจันทบุรี,จันทบุรี,12.611,102.105
ดอยสะเก็ด,เชียงใหม่,18.841,99.088
มหาราช,พระนครศรีอยุธยา,14.566,100.542
ตะกั่วป่า,พังงา,8.829,98.362
อุทัย,พระนครศรีอยุธยา,14.355,100.622
ระโนด,สงขลา,7.789,100.269
เมืองลำพูน,ลำพูน,18.573,99.002
ห้วยขวาง,กรุงเทพมหานคร,13.769,100.577
หนองขาหย่าง,อุทัยธานี,15.371,99.9
เมืองสุราษฎร์ธานี,สุราษฎร์ธานี,9.137,99.32
ยะหริ่ง,ปัตตานี,6.787,101.458
บางบาล,พระนครศรีอยุธยา,14.41,100.464
บางปะอิน,พระนครศรีอยุธยา,14.295,100.621
แม่วาง,เชียงใหม่,18.554,98.849
สารภี,เชียงใหม่,18.736,99.059
ยานนาวา,กรุงเทพมหานคร,13.682,100.533
เมืองแพร่,แพร่,18.14,100.142
โพธิ์ทอง,อ่างทอง,14.638,100.389
หล่มสัก,เพชรบูรณ์,16.839,101.239
เมืองแม่ฮ่องสอน,แม่ฮ่องสอน,19.302,97.97
ดำเนินสะดวก,ราชบุรี,13.517,99.949
นครหลวง,พระนครศรีอยุธยา,14.489,100.675
ราษฎร์บูรณะ,กรุงเทพมหานคร,13.67,100.51
เมืองบุรีรัมย์,บุรีรัมย์,14.999,103.104
ป่าโมก,อ่างทอง,14.509,100.461
สันทราย,เชียงใหม่,18.857,99.046
แม่ริม,เชียงใหม่,18.929,98.948
สูงเม่น,แพร่,18.09,100.168
ตะพานหิน,พิจิตร,16.222,100.427
หลักสี่,กรุงเทพมหานคร,13.871,100.58
ลาดพร้าว,กรุงเทพมหานคร,13.84,100.6
เมืองสงขลา,สงขลา,7.163,100.542
เมืองน่าน,น่าน,18.793,100.786
บางมูลนาก,พิจิตร,16.033,100.479
มายอ,ปัตตานี,6.749,101.357
สวรรคโลก,สุโขทัย,17.315,99.834
ไม้แก่น,ปัตตานี,6.627,101.64
หนองแซง,สระบุรี,14.515,100.841
สามพราน,นครปฐม,13.714,100.247
รามัน,ยะลา,6.464,101.374
เกาะสีชัง,ชลบุรี,13.151,100.809
วิเศษชัยชาญ,อ่างทอง,14.542,100.315
เดิมบางนางบวช,สุพรรณบุรี,14.85,99.988
เมืองสุพรรณบุรี,สุพรรณบุรี,14.471,100.116
บางคล้า,ฉะเชิงเทรา,13.722,101.21
เมืองยะลา,ยะลา,6.523,101.181
บางใหญ่,นนทบุรี,13.854,100.434
บ้านโพธิ์,ฉะเชิงเทรา,13.633,101.078
เมืองอุทัยธานี,อุทัยธานี,15.455,99.963
เมืองตรัง,ตรัง,7.599,99.664
สูงเนิน,นครราชสีมา,14.909,101.851
วารินชำราบ,อุบลราชธานี,15.198,104.815
ศรีสำโรง,สุโขทัย,17.158,99.858
ยะรัง,ปัตตานี,6.717,101.299
เมืองเพชรบูรณ์,เพชรบูรณ์,16.42,101.156
หนองม่วงไข่,แพร่,18.271,100.218
บ้านหมี่,ลพบุรี,15.016,100.578
ปากท่อ,ราชบุรี,13.354,99.856
ท่าม่วง,กาญจนบุรี,13.974,99.625
บ้านแหลม,เพชรบุรี,13.155,99.976
พานทอง,ชลบุรี,13.544,101.075
จุฬาภรณ์,นครศรีธรรมราช,8.028,99.924
หนองแค,สระบุรี,14.337,100.869
สทิงพระ,สงขลา,7.58,100.406
เมืองปราจีนบุรี,ปราจีนบุรี,14.057,101.374
ดอยหล่อ,เชียงใหม่,18.504,98.841
เมืองตาก,ตาก,16.862,99.129
ภาชี,พระนครศรีอยุธยา,14.442,100.725
เมืองราชบุรี,ราชบุรี,13.593,99.796
ท่าช้าง,สิงห์บุรี,14.801,100.409
พนมไพร,ร้อยเอ็ด,15.6,104.139
สิงหนคร,สงขลา,7.214,100.567
พิบูลมังสาหาร,อุบลราชธานี,15.248,105.226
พุนพิน,สุราษฎร์ธานี,9.125,99.199
ดินแดง,กรุงเทพมหานคร,13.778,100.567
เมืองนครราชสีมา,นครราชสีมา,14.98,102.164
ธาตุพนม,นครพนม,17.066,104.749
เมืองนครพนม,นครพนม,17.409,104.781
แม่แตง,เชียงใหม่,19.144,99.024
พระสมุทรเจดีย์,สมุทรปราการ,13.606,100.567
ทุ่งสง,นครศรีธรรมราช,8.168,99.689
พรหมบุรี,สิงห์บุรี,14.811,100.458
พญาไท,กรุงเทพมหานคร,13.782,100.545
สระโบสถ์,ลพบุรี,15.169,100.793
สันป่าตอง,เชียงใหม่,18.531,98.864
เมืองมุกดาหาร,มุกดาหาร,16.53,104.724
อรัญประเทศ,สระแก้ว,13.68,102.517
บางแค,กรุงเทพมหานคร,13.683,100.396
สายบุรี,ปัตตานี,6.764,101.591
ปะนาเระ,ปัตตานี,6.838,101.477
ท่ายาง,เพชรบุรี,12.99,99.883
ท่าวุ้ง,ลพบุรี,14.881,100.482
เมืองอุดรธานี,อุดรธานี,17.411,102.792
เชียรใหญ่,นครศรีธรรมราช,8.156,100.197
งาว,ลำปาง,18.752,99.996
วังยาง,นครพนม,17.065,104.482
คลองสามวา,กรุงเทพมหานคร,13.854,100.745
ดอนพุด,สระบุรี,14.596,100.621
กุมภวาปี,อุดรธานี,17.044,102.934
บางปะกง,ฉะเชิงเทรา,13.527,101.054
ขุขันธ์,ศรีสะเกษ,14.669,104.271
ปักธงชัย,นครราชสีมา,14.663,102.046
เมืองพิจิตร,พิจิตร,16.443,100.343
โคกโพธิ์,ปัตตานี,6.701,101.116
เมืองลำปาง,ลำปาง,18.29,99.492
คลองเขื่อน,ฉะเชิงเทรา,13.721,101.15
เชียงคำ,พะเยา,19.495,100.327
จะนะ,สงขลา,6.794,100.7
แม่จัน,เชียงราย,20.256,99.864
หนองฉาง,อุทัยธานี,15.372,99.81
เมืองยโสธร,ยโสธร,15.799,104.148
ว่านใหญ่,มุกดาหาร,16.807,104.708
นาโยง,ตรัง,7.566,99.699
เมืองพัทลุง,พัทลุง,7.589,100.05
วัดเพลง,ราชบุรี,13.449,99.872
เมืองร้อยเอ็ด,ร้อยเอ็ด,16.051,103.653
บ้านหมอ,สระบุรี,14.584,100.767
บางกล่ำ,สงขลา,7.075,100.45
ศรีสมเด็จ,ร้อยเอ็ด,15.973,103.535
หัวไทร,นครศรีธรรมราช,7.969,100.322
เมืองนครสวรรค์,นครสวรรค์,15.734,100.14
ลาดกระบัง,กรุงเทพมหานคร,13.723,100.771
เฉลิมพระเกียรติ,สระบุรี,14.607,100.931
แสวงหา,อ่างทอง,14.741,100.364
ลำปลายมาศ,บุรีรัมย์,15.019,102.834
เขาย้อย,เพชรบุรี,13.284,99.838
บ้านแพ้ว,สมุทรสาคร,13.639,100.141
กำแพงแสน,นครปฐม,13.991,99.983
ศรีมหาโพธิ,ปราจีนบุรี,13.964,101.483
ดอนตูม,นครปฐม,13.89,100.117
ทัพทัน,อุทัยธานี,15.45,99.926
อุทุมพรพิสัย,ศรีสะเกษ,15.12,104.178
คลองใหญ่,ตราด,11.699,102.909
ควนโดน,สตูล,6.767,100.065
กงไกรลาศ,สุโขทัย,16.947,99.939
บางปลาม้า,สุพรรณบุรี,14.346,100.14
ปากพลี,นครนายก,14.18,101.306
ทุ่งครุ,กรุงเทพมหานคร,13.651,100.51
พระพุทธบาท,สระบุรี,14.713,100.831
บางกะปิ,กรุงเทพมหานคร,13.786,100.635
ปากพนัง,นครศรีธรรมราช,8.246,100.185
ห้วยยอด,ตรัง,7.811,99.618
อินทร์บุรี,สิงห์บุรี,15.009,100.329
เมืองนราธิวาส,นราธิวาส,6.424,101.82
สายไหม,กรุงเทพมหานคร,13.898,100.63
ท่าวังผา,น่าน,19.119,100.798
ปากพะยูน,พัทลุง,7.244,100.321
เก้าเลี้ยว,นครสวรรค์,15.849,100.085
ไชยา,สุราษฎร์ธานี,9.391,99.198
ประเวศ,กรุงเทพมหานคร,13.687,100.656
หล่มเก่า,เพชรบูรณ์,16.857,101.229
จังหาร,ร้อยเอ็ด,16.204,103.543
เมืองเลย,เลย,17.493,101.732
โคกสำโรง,ลพบุรี,15.064,100.68
ร่องคำ,กาฬสินธุ์,16.266,103.737
โนนสูง,นครราชสีมา,15.116,102.287
บางซื่อ,กรุงเทพมหานคร,13.82,100.529
เวียงหนองล่อง,ลำพูน,18.415,98.78
ห้วยราช,บุรีรัมย์,14.982,103.203
ประจันตคาม,ปราจีนบุรี,14.052,101.563
พระโขนง,กรุงเทพมหานคร,13.692,100.626
บางบ่อ,สมุทรปราการ,13.659,100.925
นาดูน,มหาสารคาม,15.719,103.277
พุทธมณฑล,นครปฐม,13.815,100.262
บางซ้าย,พระนครศรีอยุธยา,14.313,100.326
สามโก้,อ่างทอง,14.561,100.254
เสลภูมิ,ร้อยเอ็ด,16.024,103.921
บ้านค่าย,ระยอง,12.775,101.304
เมืองสุรินทร์,สุรินทร์,14.884,103.49
ภูเวียง,ขอนแก่น,16.679,102.364
บึงบูรพ์,ศรีสะเกษ,15.328,104.067
สองพี่น้อง,สุพรรณบุรี,14.225,100.023
ภูเพียง,น่าน,18.756,100.816
กระบุรี,ระนอง,10.427,98.793
สรรคบุรี,ชัยนาท,15.096,100.203
บ้านนา,นครนายก,14.226,101.009
ไชยปราการ,เชียงใหม่,19.748,99.145
สอง,แพร่,18.365,100.198
เมืองอุตรดิตถ์,อุตรดิตถ์,17.613,100.079
สุวรรณภูมิ,ร้อยเอ็ด,15.604,103.898
ลาดหลุมแก้ว,ปทุมธานี,13.99,100.449
นาทวี,สงขลา,6.781,100.67
เมืองประจวบคีรีขันธ์,ประจวบคีรีขันธ์,11.805,99.784
เรณูนคร,นครพนม,17.019,104.698
ธัญบุรี,ปทุมธานี,13.999,100.687
ค่ายบางระจัน,สิงห์บุรี,14.827,100.368
นาหว้า,นครพนม,17.507,104.145
กู่แก้ว,อุดรธานี,17.205,103.141
บางแพ,ราชบุรี,13.654,99.978
บางระจัน,สิงห์บุรี,14.941,100.319
ภูผาม่าน,ขอนแก่น,16.648,101.935
เขาวง,กาฬสินธุ์,16.719,104.055
ทุ่งหว้า,สตูล,6.998,99.691
คอนสาร,ชัยภูมิ,16.61,101.921
เขื่องใน,อุบลราชธานี,15.489,104.464
แม่ใจ,พะเยา,19.33,99.846
หนองสูง,มุกดาหาร,16.491,104.36
ชัยบาดาล,ลพบุรี,15.059,101.077
เมืองศรีสะเกษ,ศรีสะเกษ,15.015,104.369
เกาะคา,ลำปาง,18.196,99.413
สำโรงทาบ,สุรินทร์,15.092,103.875
หนองจอก,กรุงเทพมหานคร,13.872,100.81
เชียงขวัญ,ร้อยเอ็ด,16.128,103.741
บางนา,กรุงเทพมหานคร,13.672,100.616
ภูกามยาว,พะเยา,19.241,99.989
โพธิ์ศรีสุวรรณ,ศรีสะเกษ,15.233,104.111
ธวัชบุรี,ร้อยเอ็ด,16.099,103.767
หนองแขม,กรุงเทพมหานคร,13.714,100.351
วังน้อย,พระนครศรีอยุธยา,14.249,100.8
ห้วยแถลง,นครราชสีมา,14.985,102.687
พรหมคีรี,นครศรีธรรมราช,8.54,99.874
สรรพยา,ชัยนาท,15.084,100.272
ดอกคำใต้,พะเยา,19.134,99.998
ภูซาง,พะเยา,19.622,100.37
เขาชัยสน,พัทลุง,7.489,100.194
โกรกพระ,นครสวรรค์,15.594,100.081
ร้องกวาง,แพร่,18.304,100.257
ศรีนครินทร์,พัทลุง,7.554,99.971
พยัคฆภูมิพิสัย,มหาสารคาม,15.506,103.31
รัษฎา,ตรัง,7.987,99.645
คำชะอี,มุกดาหาร,16.616,104.453
สำโรง,อุบลราชธานี,15.01,104.793
เมืองสกลนคร,สกลนคร,17.125,104.26
นางรอง,บุรีรัมย์,14.581,102.705
ปัว,น่าน,19.13,100.9
วังทองหลาง,กรุงเทพมหานคร,13.779,100.609
ทุ่งเขาหลวง,ร้อยเอ็ด,16.039,103.889
เมืองกำแพงเพชร,กำแพงเพชร,16.473,99.528
บางเลน,นครปฐม,13.954,100.199
พนมทวน,กาญจนบุรี,14.076,99.667
บ้านดุง,อุดรธานี,17.684,103.259
พล,ขอนแก่น,15.879,102.556
บางเขน,กรุงเทพมหานคร,13.868,100.606
บาเจาะ,นราธิวาส,6.545,101.625
แม่สอด,ตาก,16.716,98.573
ยี่งอ,นราธิวาส,6.422,101.663
ตระการพืชผล,อุบลราชธานี,15.601,105.021
กันทรวิชัย,มหาสารคาม,16.283,103.38
สากเหล็ก,พิจิตร,16.522,100.556
ละอุ่น,ระนอง,10.029,98.884
สุไหงโก-ลก,นราธิวาส,6.008,101.949
อาจสามารถ,ร้อยเอ็ด,15.865,103.925
ยะหา,ยะลา,6.527,101.153
ตากใบ,นราธิวาส,6.22,102.059
ลาดบัวหลวง,พระนครศรีอยุธยา,14.134,100.368
คำเขื่อนแก้ว,ยโสธร,15.665,104.282
ย่านตาขาว,ตรัง,7.406,99.674
วิหารแดง,สระบุรี,14.313,100.99
ท่าอุเทน,นครพนม,17.576,104.591
จอมพระ,สุรินทร์,15.136,103.565
ทวีวัฒนา,กรุงเทพมหานคร,13.758,100.348
ปาย,แม่ฮ่องสอน,19.362,98.419
สหัสขันธ์,กาฬสินธุ์,16.706,103.491
ตาคลี,นครสวรรค์,15.175,100.393
หนองกี่,บุรีรัมย์,14.669,102.571
ชุมแพ,ขอนแก่น,16.514,102.14
บ้านเขว้า,ชัยภูมิ,15.804,101.93
ควนขนุน,พัทลุง,7.654,100.01
กาญจนดิษฐ์,สุราษฎร์ธานี,9.181,99.465
ราษีไศล,ศรีสะเกษ,15.435,104.125
ฉวาง,นครศรีธรรมราช,8.533,99.5
เมืองตราด,ตราด,12.078,102.562
กุฉินารายณ์,กาฬสินธุ์,16.506,104.001
นิคมน้ำอูน,สกลนคร,17.155,103.712
ขุนหาญ,ศรีสะเกษ,14.635,104.371
จตุรพักตรพิมาน,ร้อยเอ็ด,15.901,103.599
แหลมงอบ,ตราด,12.209,102.436
อู่ทอง,สุพรรณบุรี,14.322,99.898
บางกระทุ่ม,พิษณุโลก,16.577,100.245
ห้วยเม็ก,กาฬสินธุ์,16.538,103.314
โกสุมพิสัย,มหาสารคาม,16.216,103.142
เชียงยืน,มหาสารคาม,16.389,103.059
ยางสีสุราช,มหาสารคาม,15.649,103.146
สนม,สุรินทร์,15.124,103.838
บ้านบึง,ชลบุรี,13.33,101.072
วานรนิวาส,สกลนคร,17.767,103.726
กะทู้,ภูเก็ต,7.945,98.289
เปือยน้อย,ขอนแก่น,15.85,102.895
ไพรบึง,ศรีสะเกษ,14.857,104.303
โพธิ์ชัย,ร้อยเอ็ด,16.281,103.812
พาน,เชียงราย,19.575,99.765
เมยวดี,ร้อยเอ็ด,16.416,104.123
หนองกุงศรี,กาฬสินธุ์,16.678,103.307
กะพ้อ,ปัตตานี,6.603,101.554
ชนบท,ขอนแก่น,16.115,102.623
วาริชภูมิ,สกลนคร,17.319,103.543
ศรีมโหสถ,ปราจีนบุรี,13.926,101.41
แม่ทะ,ลำปาง,18.122,99.477
แม่ลาน,ปัตตานี,6.677,101.266
แว้ง,นราธิวาส,5.973,101.842
กันทรารมย์,ศรีสะเกษ,15.066,104.583
โนนศิลา,ขอนแก่น,16.005,102.687
ท่าศาลา,นครศรีธรรมราช,8.613,99.923
ฆ้องชัย,กาฬสินธุ์,16.321,103.493
ชะอำ,เพชรบุรี,12.891,99.971
พยุหะคีรี,นครสวรรค์,15.455,100.145
แม่สาย,เชียงราย,20.431,99.913
แม่ออน,เชียงใหม่,18.758,99.263
ทับสะแก,ประจวบคีรีขันธ์,11.516,99.627
เมืองอำนาจเจริญ,อำนาจเจริญ,15.823,104.562
นาวัง,หนองบัวลำภู,17.308,102.117
วังหิน,ศรีสะเกษ,14.926,104.204
ชะอวด,นครศรีธรรมราช,7.949,100.017
หนองบัว,นครสวรรค์,15.864,100.429
นาแก,นครพนม,16.918,104.575
ดอยเต่า,เชียงใหม่,18.053,98.626
ทุ่งยางแดง,ปัตตานี,6.605,101.448
พนมสารคาม,ฉะเชิงเทรา,13.76,101.383
พระพรหม,นครศรีธรรมราช,8.331,99.907
โพนทอง,ร้อยเอ็ด,16.206,103.873
หนองหาน,อุดรธานี,17.395,103.273
มหาชนะชัย,ยโสธร,15.552,104.329
ลืออำนาจ,อำนาจเจริญ,15.716,104.617
ท่าบ่อ,หนองคาย,17.819,102.61
บรบือ,มหาสารคาม,15.897,103.202
คอนสวรรค์,ชัยภูมิ,15.887,102.31
ซำสูง,ขอนแก่น,16.616,103.122
ศรีประจันต์,สุพรรณบุรี,14.661,100.095
บางแก้ว,พัทลุง,7.451,100.157
ยางตลาด,กาฬสินธุ์,16.543,103.351
ทุ่งฝน,อุดรธานี,17.542,103.159
ปราสาท,สุรินทร์,14.688,103.377
สร้างคอม,อุดรธานี,17.843,103.058
สุวรรณคูหา,หนองบัวลำภู,17.551,102.277
พรเจริญ,บึงกาฬ,18.031,103.711
คลองหลวง,ปทุมธานี,14.125,100.75
วาปีปทุม,มหาสารคาม,15.852,103.312
จะแนะ,นราธิวาส,6.132,101.728
ลำลูกกา,ปทุมธานี,13.955,100.641
บางเสาธง,สมุทรปราการ,13.641,100.803
โนนนารายณ์,สุรินทร์,15.228,103.927
บึงกุ่ม,กรุงเทพมหานคร,13.808,100.65
เมืองกาฬสินธุ์,กาฬสินธุ์,16.437,103.522
ไทรน้อย,นนทบุรี,13.976,100.344
ชำนิ,บุรีรัมย์,14.755,102.888
สุไหงปาดี,นราธิวาส,6.02,101.889
นาหม่อม,สงขลา,6.965,100.529
มโนรมย์,ชัยนาท,15.354,100.122
ยางชุมน้อย,ศรีสะเกษ,15.212,104.413
ศรีเมืองใหม่,อุบลราชธานี,15.52,105.219
ท่าปลา,อุตรดิตถ์,17.76,100.333
หนองฮี,ร้อยเอ็ด,15.55,104.062
สวนหลวง,กรุงเทพมหานคร,13.726,100.628
นาเชือก,มหาสารคาม,15.722,103.038
หนองบุญมาก,นครราชสีมา,14.754,102.398
บัวใหญ่,นครราชสีมา,15.486,102.466
สิรินธร,อุบลราชธานี,15.134,105.364
พรหมพิราม,พิษณุโลก,16.936,100.205
พระยืน,ขอนแก่น,16.265,102.697
เมืองจันทร์,ศรีสะเกษ,15.198,104.035
คีรีรัฐนิคม,สุราษฎร์ธานี,9.063,99.025
มีนบุรี,กรุงเทพมหานคร,13.804,100.723
บางพลี,สมุทรปราการ,13.642,100.662
โชคชัย,นครราชสีมา,14.714,102.189
นาคู,กาฬสินธุ์,16.761,104.063
แม่ลาว,เชียงราย,19.804,99.768
กระนวน,ขอนแก่น,16.671,103.127
บ้านนาเดิม,สุราษฎร์ธานี,8.947,99.269
สมเด็จ,กาฬสินธุ์,16.759,103.679
พยุห์,ศรีสะเกษ,14.898,104.334
แกดำ,มหาสารคาม,16.022,103.442
ศรีเชียงใหม่,หนองคาย,17.942,102.594
ปรางค์กู่,ศรีสะเกษ,14.881,104.042
บ้านด่าน,บุรีรัมย์,15.138,103.219
องครักษ์,นครนายก,13.99,100.937
ชื่นชม,มหาสารคาม,16.475,103.124
สีดา,นครราชสีมา,15.564,102.588
กงหรา,พัทลุง,7.473,99.989
คันนายาว,กรุงเทพมหานคร,13.821,100.677
กมลาไสย,กาฬสินธุ์,16.289,103.511
หนองหงส์,บุรีรัมย์,14.889,102.67
โพทะเล,พิจิตร,15.963,100.276
บ้านเหลื่อม,นครราชสีมา,15.571,102.103
น้ำพอง,ขอนแก่น,16.728,102.862
เชียงกลาง,น่าน,19.246,100.855
เวียงสา,น่าน,18.679,100.837
ห้วยทับทัน,ศรีสะเกษ,14.966,104.069
บ้านใหม่ไชยพจน์,บุรีรัมย์,15.534,102.86
คำม่วง,กาฬสินธุ์,16.803,103.655
เมืองชัยภูมิ,ชัยภูมิ,15.742,102.022
บ้านสร้าง,ปราจีนบุรี,13.984,101.202
หนองโดน,สระบุรี,14.73,100.684
เทิง,เชียงราย,19.717,100.18
เมืองสรวง,ร้อยเอ็ด,15.817,103.755
ปะคำ,บุรีรัมย์,14.432,102.657
โพธิ์ตาก,หนองคาย,17.846,102.422
ลาดยาว,นครสวรรค์,15.726,99.824
ตรอน,อุตรดิตถ์,17.502,99.976
ครบุรี,นครราชสีมา,14.489,102.279
ประโคนชัย,บุรีรัมย์,14.569,102.962
กันทรลักษ์,ศรีสะเกษ,14.66,104.657
สะพานสูง,กรุงเทพมหานคร,13.761,100.688
ม่วงสามสิบ,อุบลราชธานี,15.397,104.765
ดอนตาล,มุกดาหาร,16.41,104.814
กระสัง,บุรีรัมย์,15.027,103.338
แม่ทา,ลำพูน,18.438,99.03
ศิลาลาด,ศรีสะเกษ,15.473,104.139
ศรีสาคร,นราธิวาส,6.282,101.515
พรานกระต่าย,กำแพงเพชร,16.666,99.742
กบินทร์บุรี,ปราจีนบุรี,13.963,101.642
ศรีนคร,สุโขทัย,17.285,99.958
บ้านผือ,อุดรธานี,17.75,102.446
เหล่าเสือโก้ก,อุบลราชธานี,15.395,104.881
นายายอาม,จันทบุรี,12.701,101.933
ศรีสัชนาลัย,สุโขทัย,17.409,99.778
ศรีรัตนะ,ศรีสะเกษ,14.806,104.419
กุยบุรี,ประจวบคีรีขันธ์,12.159,99.98
โนนดินแดง,บุรีรัมย์,14.346,102.764
ลอง,แพร่,18.042,99.811
หัวตะพาน,อำนาจเจริญ,15.723,104.513
แวงใหญ่,ขอนแก่น,15.954,102.533
หนองสองห้อง,ขอนแก่น,15.77,102.788
คีรีมาศ,สุโขทัย,16.748,99.834
บ้านโฮ่ง,ลำพูน,18.383,98.75
สามชุก,สุพรรณบุรี,14.763,100.095
เด่นชัย,แพร่,17.973,100.04
อุบลรัตน์,ขอนแก่น,16.731,102.676
ประทาย,นครราชสีมา,15.536,102.724
ป่าแดด,เชียงราย,19.435,99.934
เขาสวนกวาง,ขอนแก่น,16.861,102.84
ลำสนธิ,ลพบุรี,15.341,101.362
ศรีบุญเรือง,หนองบัวลำภู,16.985,102.246
หันคา,ชัยนาท,15.065,100.026
ด่านซ้าย,เลย,17.331,101.142
ร่อนพิบูลย์,นครศรีธรรมราช,8.14,99.9
ดงเจริญ,พิจิตร,16.028,100.648
ลำทะเมนชัย,นครราชสีมา,15.36,102.971
ปลาปาก,นครพนม,17.121,104.523
สว่างแดนดิน,สกลนคร,17.368,103.33
สตึก,บุรีรัมย์,15.209,103.183
รัตนบุรี,สุรินทร์,15.317,103.94
พุทไธสง,บุรีรัมย์,15.627,102.892
ควนเนียง,สงขลา,7.267,100.366
ด่านขุนทด,นครราชสีมา,15.157,101.87
รัตนวาปี,หนองคาย,18.258,103.236
รือเสาะ,นราธิวาส,6.423,101.587
เขวาสินรินทร์,สุรินทร์,15.06,103.61
ปทุมรัตต์,ร้อยเอ็ด,15.65,103.359
เมืองหนองบัวลำภู,หนองบัวลำภู,17.243,102.44
แม่อาย,เชียงใหม่,19.948,99.28
บ้านนาสาร,สุราษฎร์ธานี,8.749,99.348
ป่าพยอม,พัทลุง,7.86,99.947
บ้านแพง,นครพนม,17.943,104.182
บางน้ำเปรี้ยว,ฉะเชิงเทรา,13.858,101.115
โคกศรีสุพรรณ,สกลนคร,17,104.331
สีชมพู,ขอนแก่น,16.688,102.091
ขามสะแกแสง,นครราชสีมา,15.424,102.159
หนองเรือ,ขอนแก่น,16.458,102.536
โพนทราย,ร้อยเอ็ด,15.443,103.971
หัวหิน,ประจวบคีรีขันธ์,12.592,99.94
น้ำเกลี้ยง,ศรีสะเกษ,14.93,104.451
โนนไทย,นครราชสีมา,15.226,102.002
คลองขลุง,กำแพงเพชร,16.269,99.679
ปราณบุรี,ประจวบคีรีขันธ์,12.354,99.932
สีคิ้ว,นครราชสีมา,14.985,101.75
จตุจักร,กรุงเทพมหานคร,13.826,100.565
เวียงป่าเป้า,เชียงราย,19.241,99.525
ห้างฉัตร,ลำปาง,18.337,99.353
ศีขรภูมิ,สุรินทร์,14.984,103.829
วังเหนือ,ลำปาง,19.08,99.649
ทรายมูล,ยโสธร,16.07,104.128
ทับปุด,พังงา,8.543,98.664
ราชสาส์น,ฉะเชิงเทรา,13.788,101.278
ขามทะเลสอ,นครราชสีมา,14.97,101.916
เบญจลักษ์,ศรีสะเกษ,14.778,104.594
เมืองขอนแก่น,ขอนแก่น,16.516,102.931
พรรณานิคม,สกลนคร,17.315,103.952
โนนสุวรรณ,บุรีรัมย์,14.621,102.637
ชุมพลบุรี,สุรินทร์,15.312,103.557
รัตภูมิ,สงขลา,7.183,100.313
นิคมคำสร้อย,มุกดาหาร,16.358,104.499
ท่าฉาง,สุราษฎร์ธานี,9.258,99.175
บรรพตพิสัย,นครสวรรค์,15.943,100.022
ท่าแซะ,ชุมพร,10.713,99.202
กรงปีนัง,ยะลา,6.456,101.23
โพธิ์ไทร,อุบลราชธานี,15.86,105.273
บางบอน,กรุงเทพมหานคร,13.646,100.37
บัวลาย,นครราชสีมา,15.649,102.532
เต่างอย,สกลนคร,17.034,104.157
ลำดวน,สุรินทร์,14.751,103.77
เกษตรวิสัย,ร้อยเอ็ด,15.72,103.552
กุดชุม,ยโสธร,15.972,104.317
ศรีธาตุ,อุดรธานี,16.987,103.211
เสนางคนิคม,อำนาจเจริญ,16.05,104.616
เดชอุดม,อุบลราชธานี,14.904,105.115
ภูสิงห์,ศรีสะเกษ,14.588,104.079
ลานสกา,นครศรีธรรมราช,8.443,99.804
พนม,สุราษฎร์ธานี,8.878,98.806
บ้านไร่,อุทัยธานี,15.238,99.674
นาโพธิ์,บุรีรัมย์,15.673,102.934
บางสะพาน,ประจวบคีรีขันธ์,11.227,99.544
ดอนมดแดง,อุบลราชธานี,15.372,104.968
โนนสัง,หนองบัวลำภู,16.872,102.56
ท่าแพ,สตูล,6.855,99.927
ท่าตูม,สุรินทร์,15.232,103.615
พิชัย,อุตรดิตถ์,17.301,100.107
น้ำโสม,อุดรธานี,17.732,102.162
แวงน้อย,ขอนแก่น,15.735,102.397
ดอนจาน,กาฬสินธุ์,16.475,103.639
ป่าติ้ว,ยโสธร,15.772,104.409
เมืองกาญจนบุรี,กาญจนบุรี,14.035,99.503
บางสะพานน้อย,ประจวบคีรีขันธ์,11.063,99.436
หนองบัวระเหว,ชัยภูมิ,15.757,101.786
นากลาง,หนองบัวลำภู,17.181,102.154
วัดโบสถ์,พิษณุโลก,16.968,100.296
ระแงะ,นราธิวาส,6.277,101.691
ไทยเจริญ,ยโสธร,16.061,104.521
ดอนเมือง,กรุงเทพมหานคร,13.925,100.593
ปากคาด,บึงกาฬ,18.382,103.285
โนนคูณ,ศรีสะเกษ,14.923,104.614
ท่าชนะ,สุราษฎร์ธานี,9.593,99.183
บำเหน็จณรงค์,ชัยภูมิ,15.484,101.756
เชียงคาน,เลย,17.763,101.735
โนนแดง,นครราชสีมา,15.505,102.567
วังสะพุง,เลย,17.296,101.746
ตาลสุม,อุบลราชธานี,15.385,105.166
นามน,กาฬสินธุ์,16.548,103.82
บ้านฝาง,ขอนแก่น,16.367,102.573
ตากฟ้า,นครสวรรค์,15.331,100.428
คลองหอยโข่ง,สงขลา,6.886,100.442
หนองวัวซอ,อุดรธานี,17.288,102.576
บึงสามัคคี,กำแพงเพชร,16.158,99.941
ห้วยผึ้ง,กาฬสินธุ์,16.597,103.873
พนา,อำนาจเจริญ,15.678,104.882
บ้านตาขุน,สุราษฎร์ธานี,8.949,98.896
เขมราฐ,อุบลราชธานี,15.872,105.222
ค้อวัง,ยโสธร,15.363,104.31
หนองม่วง,ลพบุรี,15.23,100.664
คง,นครราชสีมา,15.397,102.357
ทุ่งศรีอุดม,อุบลราชธานี,14.804,104.922
แก้งคร้อ,ชัยภูมิ,16.056,102.074
พิปูน,นครศรีธรรมราช,8.534,99.553
ช้างกลาง,นครศรีธรรมราช,8.354,99.535
บ้านกรวด,บุรีรัมย์,14.473,103.143
ปทุมราชวงศา,อำนาจเจริญ,15.862,104.828
ท่าหลวง,ลพบุรี,15.023,101.184
จักราช,นครราชสีมา,15.052,102.353
หนองเสือ,ปทุมธานี,14.087,100.778
ประจักษ์ศิลปาคม,อุดรธานี,17.237,102.934
ภูหลวง,เลย,17.141,101.701
เขาฉกรรจ์,สระแก้ว,13.663,102.098
หนองนาคำ,ขอนแก่น,16.791,102.335
บึงกาฬ,บึงกาฬ,18.332,103.531
โนนสะอาด,อุดรธานี,16.977,102.902
กาบเชิง,สุรินทร์,14.533,103.667
มะขาม,จันทบุรี,12.7,102.147
บ้านฉาง,ระยอง,12.688,101.025
ทุ่งเสลี่ยม,สุโขทัย,17.32,99.643
บ้านหลวง,น่าน,18.858,100.405
นครไทย,พิษณุโลก,17.126,100.839
สระใคร,หนองคาย,17.638,102.736
สิชล,นครศรีธรรมราช,9.008,99.902
เถิน,ลำปาง,17.634,99.212
ศรีสงคราม,นครพนม,17.641,104.289
สะเดา,สงขลา,6.636,100.416
สว่างอารมณ์,อุทัยธานี,15.548,99.844
ชุมพวง,นครราชสีมา,15.184,102.735
เวียงชัย,เชียงราย,19.904,99.974
ธารโต,ยะลา,6.167,101.187
พิมาย,นครราชสีมา,15.162,102.403
หนองพอก,ร้อยเอ็ด,16.331,104.289
เฝ้าไร่,หนองคาย,17.999,103.366
ฝาง,เชียงใหม่,19.879,99.209
บ่อทอง,ชลบุรี,13.318,101.308
เกษตรสมบูรณ์,ชัยภูมิ,16.309,101.943
โพนนาแก้ว,สกลนคร,17.137,104.361
ตะโหมด,พัทลุง,7.338,100.097
วชิรบารมี,พิจิตร,16.597,100.114
พระทองคำ,นครราชสีมา,15.311,101.959
พังโคน,สกลนคร,17.405,103.665
บ้านแท่น,ชัยภูมิ,16.401,102.418
บึงสามพัน,เพชรบูรณ์,15.791,101.022
ท่าตะโก,นครสวรรค์,15.631,100.48
ดอนเจดีย์,สุพรรณบุรี,14.603,99.955
ละแม,ชุมพร,9.723,99.108
ท่าคันโท,กาฬสินธุ์,16.869,103.237
พญาเม็งราย,เชียงราย,19.926,100.239
ลานกระบือ,กำแพงเพชร,16.521,99.974
ละหานทราย,บุรีรัมย์,14.393,102.787
กุดข้าวปุ้น,อุบลราชธานี,15.757,104.964
วังจันทร์,ระยอง,12.858,101.528
อากาศอำนวย,สกลนคร,17.718,103.92
พลับพลาชัย,บุรีรัมย์,14.717,103.241
แคนดง,บุรีรัมย์,15.267,103.18
กุดรัง,มหาสารคาม,16.123,103.049
ซับใหญ่,ชัยภูมิ,15.565,101.67
บัวเชด,สุรินทร์,14.532,104.014
โพนพิสัย,หนองคาย,17.899,103.01
สามเงา,ตาก,17.25,99.034
นาตาล,อุบลราชธานี,15.965,105.27
โพธิ์ประทับช้าง,พิจิตร,16.351,100.264
หนองมะโมง,ชัยนาท,15.241,99.894
นาด้วง,เลย,17.432,101.94
โพนสวรรค์,นครพนม,17.409,104.424
เขาค้อ,เพชรบูรณ์,16.545,100.968
โขงเจียม,อุบลราชธานี,15.296,105.452
พระแสง,สุราษฎร์ธานี,8.59,99.166
เวียงเก่า,ขอนแก่น,16.723,102.33
พัฒนานิคม,ลพบุรี,14.795,100.985
โกสัมพีนคร,กำแพงเพชร,16.581,99.429
บางระกำ,พิษณุโลก,16.665,100.164
วังทอง,พิษณุโลก,16.839,100.467
แก้งสนามนาง,นครราชสีมา,15.64,102.175
คูเมือง,บุรีรัมย์,15.388,103.008
บึงนาราง,พิจิตร,16.208,100.231
สามง่าม,พิจิตร,16.432,100.212
บ้านแฮด,ขอนแก่น,16.259,102.788
โคกสูง,สระแก้ว,13.831,102.719
จัตุรัส,ชัยภูมิ,15.474,101.805
ศรีเทพ,เพชรบูรณ์,15.436,100.971
ภูเขียว,ชัยภูมิ,16.305,102.304
บึงโขงหลง,บึงกาฬ,18.033,104.133
เซกา,บึงกาฬ,17.914,103.891
จุน,พะเยา,19.378,100.163
บางขุนเทียน,กรุงเทพมหานคร,13.605,100.395
ขาณุวรลักษบุรี,กำแพงเพชร,16.103,99.788
แจ้ห่ม,ลำปาง,18.726,99.557
เมืองสระแก้ว,สระแก้ว,13.803,102.077
เชียงแสน,เชียงราย,20.28,100.003
ศรีณรงค์,สุรินทร์,14.757,103.977
พนมดงรัก,สุรินทร์,14.49,103.249
เพ็ญ,อุดรธานี,17.6,102.764
บ้านตาก,ตาก,17.001,99.068
วัฒนานคร,สระแก้ว,13.799,102.372
วังโป่ง,เพชรบูรณ์,16.297,100.678
สังคม,หนองคาย,18.037,102.235
ดงหลวง,มุกดาหาร,16.811,104.568
โซ่พิสัย,บึงกาฬ,18.129,103.384
หนองแสง,อุดรธานี,17.172,102.842
หนองไผ่,เพชรบูรณ์,15.956,101.103
เชียงของ,เชียงราย,19.989,100.347
เลิงนกทา,ยโสธร,16.095,104.506
เวียงแหง,เชียงใหม่,19.615,98.632
สามชัย,กาฬสินธุ์,16.814,103.546
สว่างวีระวงศ์,อุบลราชธานี,15.238,105.045
สังขะ,สุรินทร์,14.575,103.856
เทพา,สงขลา,6.82,100.94
วังวิเศษ,ตรัง,7.69,99.523
วังม่วง,สระบุรี,14.818,101.132
เนินสง่า,ชัยภูมิ,15.527,102.016
เวียงสระ,สุราษฎร์ธานี,8.649,99.342
นาจะหลวย,อุบลราชธานี,14.688,105.201
คลองหาด,สระแก้ว,13.519,102.228
บ้านธิ,ลำพูน,18.679,99.163
สันติสุข,น่าน,18.898,100.902
ศรีบรรพต,พัทลุง,7.746,99.864
นิคมพัฒนา,ระยอง,12.856,101.177
วิเชียรบุรี,เพชรบูรณ์,15.628,101.061
ศรีวิไล,บึงกาฬ,18.225,103.732
นบพิตำ,นครศรีธรรมราช,8.666,99.827
วังทรายพูน,พิจิตร,16.339,100.504
ผาขาว,เลย,17.102,102.052
นาดี,ปราจีนบุรี,14.081,101.766
โคกโพธิ์ไชย,ขอนแก่น,16.078,102.472
นาน้อย,น่าน,18.313,100.681
ส่องดาว,สกลนคร,17.362,103.54
ถ้ำพรรณรา,นครศรีธรรมราช,8.414,99.373
ด่านมะขามเตี้ย,กาญจนบุรี,13.808,99.44
แม่จริม,น่าน,18.687,100.975
ตะกั่วทุ่ง,พังงา,8.409,98.412
ชานุมาน,อำนาจเจริญ,16.156,104.996
กุดจับ,อุดรธานี,17.44,102.429
วังสามหมอ,อุดรธานี,16.941,103.456
นาบอน,นครศรีธรรมราช,8.255,99.487
เจริญศิลป์,สกลนคร,17.536,103.605
เคียนซา,สุราษฎร์ธานี,8.845,99.251
เมืองยาง,นครราชสีมา,15.487,102.889
วังเจ้า,ตาก,16.748,99.184
เจาะไอร้อง,นราธิวาส,6.256,101.817
ป่าบอน,พัทลุง,7.318,100.23
นาเยีย,อุบลราชธานี,14.987,105.068
น้ำยืน,อุบลราชธานี,14.577,105.02
ลำทับ,กระบี่,8.1,99.358
ทรายทองวัฒนา,กำแพงเพชร,16.341,99.899
ขุนตาล,เชียงราย,19.847,100.272
สุคิริน,นราธิวาส,5.984,101.775
หนองหิน,เลย,17.033,101.879
เทพารักษ์,นครราชสีมา,15.349,101.518
บ้านด่านลานหอย,สุโขทัย,16.995,99.481
ฮอด,เชียงใหม่,18.103,98.583
อุ้มผาง,ตาก,16.066,98.834
ท่าลี่,เลย,17.636,101.347
หนองใหญ่,ชลบุรี,13.243,101.347
บุณฑริก,อุบลราชธานี,14.672,105.307
แก่งหางแมว,จันทบุรี,12.881,101.848
บ้านม่วง,สกลนคร,17.929,103.653
เขาสมิง,ตราด,12.469,102.435
แม่สรวย,เชียงราย,19.63,99.524
แปลงยาว,ฉะเชิงเทรา,13.599,101.293
มัญจาคีรี,ขอนแก่น,16.269,102.615
ลานสัก,อุทัยธานี,15.452,99.643
ทับคล้อ,พิจิตร,16.189,100.568
น้ำขุ่น,อุบลราชธานี,14.603,104.854
ภูกระดึง,เลย,16.937,101.939
ทุ่งใหญ่,นครศรีธรรมราช,8.372,99.342
เขาคิชฌกูฏ,จันทบุรี,12.765,102.101
สะบ้าย้อย,สงขลา,6.624,101.057
หนองหญ้าไซ,สุพรรณบุรี,14.749,99.806
แม่ระมาด,ตาก,16.971,98.525
เวียงแก่น,เชียงราย,20.042,100.52
ปลวกแดง,ระยอง,13.038,101.225
บันนังสตา,ยะลา,6.355,101.327
พิบูลย์รักษ์,อุดรธานี,17.563,103.123
ห้วยคต,อุทัยธานี,15.274,99.646
แม่พริก,ลำปาง,17.539,99.152
เนินขาม,ชัยนาท,14.968,99.828
เอราวัณ,เลย,17.193,101.994
ท้ายเหมือง,พังงา,8.344,98.303
เกาะจันทร์,ชลบุรี,13.389,101.288
เนินมะปราง,พิษณุโลก,16.542,100.596
ปง,พะเยา,19.182,100.374
ชนแดน,เพชรบูรณ์,16.092,100.832
ไชยวาน,อุดรธานี,17.237,103.204
ดอยหลวง,เชียงราย,20.181,100.124
ไทรงาม,กำแพงเพชร,16.452,99.827
สอยดาว,จันทบุรี,13.174,102.371
แก่งกระจาน,เพชรบุรี,12.997,99.743
บางขัน,นครศรีธรรมราช,7.933,99.507
วังชิ้น,แพร่,17.945,99.556
กะปง,พังงา,8.713,98.419
โคกเจริญ,ลพบุรี,15.469,100.811
บ่อไร่,ตราด,12.585,102.469
ชุมตาบง,นครสวรรค์,15.627,99.572
ภูเรือ,เลย,17.46,101.482
เบตง,ยะลา,5.803,101.009
เวียงเชียงรุ้ง,เชียงราย,20.041,100.006
เลาขวัญ,กาญจนบุรี,14.648,99.758
โป่งน้ำร้อน,จันทบุรี,13.044,102.453
ปลายพระยา,กระบี่,8.445,98.841
ไพศาลี,นครสวรรค์,15.622,100.604
นาหมื่น,น่าน,18.226,100.505
พบพระ,ตาก,16.368,98.768
จอมบึง,ราชบุรี,13.685,99.521
เขาชะเมา,ระยอง,13.062,101.617
วังน้ำเย็น,สระแก้ว,13.606,102.104
แม่สะเรียง,แม่ฮ่องสอน,18.148,97.972
นายูง,อุดรธานี,17.916,102.213
มะนัง,สตูล,6.95,99.931
ลี้,ลำพูน,17.742,99.062
บุ่งคล้า,บึงกาฬ,18.294,103.925
ควนกาหลง,สตูล,6.903,99.932
หนองหญ้าปล้อง,เพชรบุรี,13.099,99.749
นาทม,นครพนม,17.798,104.108
คำตากล้า,สกลนคร,17.841,103.859
กุสุมาลย์,สกลนคร,17.379,104.378
ด่านช้าง,สุพรรณบุรี,14.937,99.666
สวนผึ้ง,ราชบุรี,13.522,99.42
เสริมงาม,ลำปาง,18.071,99.244
แม่วงก์,นครสวรรค์,15.883,99.516
คลองท่อม,กระบี่,7.933,99.172
สบปราบ,ลำปาง,17.9,99.421
ตาพระยา,สระแก้ว,14.047,102.813
มวกเหล็ก,สระบุรี,14.932,101.309
ฟากท่า,อุตรดิตถ์,17.914,100.848
ห้วยกระเจา,กาญจนบุรี,14.357,99.764
หนองบัวแดง,ชัยภูมิ,16.012,101.834
ชัยบุรี,สุราษฎร์ธานี,8.434,99.071
ปากชม,เลย,17.7,101.922
ทองแสนขัน,อุตรดิตถ์,17.581,100.299
วังน้ำเขียว,นครราชสีมา,14.574,101.731
ปางศิลาทอง,กำแพงเพชร,16.052,99.426
ภูพาน,สกลนคร,16.881,104.022
สบเมย,แม่ฮ่องสอน,18.113,98.166
ชาติตระการ,พิษณุโลก,17.285,100.561
แม่ฟ้าหลวง,เชียงราย,20.141,99.654
นาแห้ว,เลย,17.485,100.864
สามร้อยยอด,ประจวบคีรีขันธ์,12.266,99.946
บ้านคา,ราชบุรี,13.448,99.462
หนองปรือ,กาญจนบุรี,14.626,99.527
แม่ลาน้อย,แม่ฮ่องสอน,18.37,98.102
เสิงสาง,นครราชสีมา,14.426,102.429
กาบัง,ยะลา,6.449,101
ภักดีชุมพล,ชัยภูมิ,15.793,101.372
วังสมบูรณ์,สระแก้ว,13.344,102.207
แม่แจ่ม,เชียงใหม่,18.485,98.416
ไทรโยค,กาญจนบุรี,14.035,99.287
ปากช่อง,นครราชสีมา,14.594,101.53
เทพสถิต,ชัยภูมิ,15.432,101.547
เขาพนม,กระบี่,8.227,99.045
ทุ่งช้าง,น่าน,19.447,100.811
บ้านโคก,อุตรดิตถ์,18.008,101.084
พะโต๊ะ,ชุมพร,9.852,98.923
บ่อเกลือ,น่าน,19.297,101.176
สนามชัยเขต,ฉะเชิงเทรา,13.644,101.461
น้ำหนาว,เพชรบูรณ์,16.709,101.71
กุดบาก,สกลนคร,17.1,103.696
แม่เมาะ,ลำปาง,18.25,99.807
ทุ่งหัวช้าง,ลำพูน,17.983,99.048
เมืองปาน,ลำปาง,18.797,99.446
เชียงม่วน,พะเยา,18.888,100.334
ทองผาภูมิ,กาญจนบุรี,14.735,98.763
ขุนยวม,แม่ฮ่องสอน,18.742,98.051
สะเมิง,เชียงใหม่,18.977,98.739
เชียงดาว,เชียงใหม่,19.477,98.833
กัลยาณิวัฒนา,เชียงใหม่,18.936,98.38
สองแคว,น่าน,19.384,100.567
น้ำปาด,อุตรดิตถ์,17.74,100.758
ท่าสองยาง,ตาก,17.268,98.275
ศรีสวัสดิ์,กาญจนบุรี,14.464,99.232
บ่อพลอย,กาญจนบุรี,14.485,99.481
ปางมะผ้า,แม่ฮ่องสอน,19.615,98.204
วิภาวดี,สุราษฎร์ธานี,9.227,98.807
คลองลาน,กำแพงเพชร,16.324,99.348
อมก๋อย,เชียงใหม่,17.43,98.5
แม่เปิน,นครสวรรค์,15.738,99.294
ท่าตะเกียบ,ฉะเชิงเทรา,13.508,101.639
สังขละบุรี,กาญจนบุรี,14.999,98.545